gene,protein_change
TP53,p.R248Q
TP53,p.F328Sfs
TP53,p.I254S
TP53,p.R175H
TP53,p.Y163C
TP53,p.C238Y
TP53,p.Y220C
TP53,p.C275Y
TP53,p.H179R
TP53,p.R248G
TP53,p.R273H
TP53,p.C238Y
TP53,p.C275F
TP53,p.Y220C
TP53,p.K120Lfs
TP53,p.C275S
TP53,p.R282Y
TP53,p.(?)
TP53,p.K139N
TP53,p.R280G
TP53, p.C176R
TP53,p.Arg181Cys
TP53,p.S241F
TP53,p.R267P
TP53, p.Y220C
TP53,p.Y126C 
TP53,p.R248Y
TP53,p.L194R
TP53,p.R282Y
TP53,p.E286K
TP53,p.G105S
TP53,p.H193R
TP53,p.R280G
TP53,p.R248Q
TP53,p.S241F
TP53,p.Y234H
TP53,p.V272M
TP53,p.Y220H
TP53,p.K132R
TP53,p.I195T
TP53,p.K132R
TP53,p.K132Q
TP53,p.D281Y
TP53,p.C141W
TP53,p.V73fs
TP53, p.Y234H
TP53,p.R248W
TP53,p.K139N
TP53,p.L111Q
TP53,p.?
TP53,p.Y205F
TP53,p.V173M
TP53,p.R267W
TP53,p.His179Tyr
TP53,p.Tyr153Cys
TP53,p.Gly244Val
TP53,p.Asn247Ile 
TP53,p.Arg267Trp
TP53,p.Glu285Lys
TP53,p.Cys275Arg
