SampleID,gene,aachange,Variant_Classification
CCUS_018,TP53,R248Q,Missense_Mutation
CCUS_024,TP53,F328Sfs,Frame_Shift_Del
CCUS_026,TP53,I254S,Missense_Mutation
CCUS_031,TP53,R175H,Missense_Mutation
CCUS_031,TP53,Y163C,Missense_Mutation
CCUS_037,TP53,C238Y,Missense_Mutation
CCUS_001,TP53,Y220C,Missense_Mutation
CCUS_004,TP53,C275Y,Missense_Mutation
CCUS_006,TP53,H179R,Missense_Mutation
CCUS_011,TP53,R248G,Missense_Mutation
CCUS_011,TP53,R273H,Missense_Mutation
CCUS_012,TP53,C238Y,Missense_Mutation
CCUS_013,TP53,C275F,Missense_Mutation
CCUS_016,TP53,Y220C,Missense_Mutation
CCUS_017,TP53,K120Lfs,Frame_Shift_Del
CCUS_023,TP53,C275S,Missense_Mutation
CCUS_027,TP53,R282Y,Missense_Mutation
CCUS_039,TP53,p.?,Splice_Site
CCUS_353,TP53,K139N,Missense_Mutation
CCUS_355,TP53,R280G,Missense_Mutation
CCUS_356,TP53,C176R,Missense_Mutation
CCUS_358,TP53,R181C,Missense_Mutation
CCUS_002,TP53,S241F,Missense_Mutation
CCUS_003,TP53,R267P,Missense_Mutation
CCUS_005,TP53,Y220C,Missense_Mutation
CCUS_007,TP53,Y126C ,Missense_Mutation
CCUS_009,TP53,R248Y,Missense_Mutation
CCUS_010,TP53,L194R,Missense_Mutation
CCUS_014,TP53,R282Y,Missense_Mutation
CCUS_015,TP53,E286K,Missense_Mutation
CCUS_015,TP53,G105S,Missense_Mutation
CCUS_19,TP53,H193R,Missense_Mutation
CCUS_020,TP53,R280G,Missense_Mutation
CCUS_022,TP53,R248Q,Missense_Mutation
CCUS_028,TP53,S241F,Missense_Mutation
CCUS_029,TP53,Y234H,Missense_Mutation
CCUS_030,TP53,V272M,Missense_Mutation
CCUS_032,TP53,Y220H,Missense_Mutation
CCUS_033,TP53,K132R,Missense_Mutation
CCUS_034,TP53,I195T,Missense_Mutation
CCUS_035,TP53,K132R,Missense_Mutation
CCUS_036,TP53,K132Q,Missense_Mutation
CCUS_036,TP53,D281Y,Missense_Mutation
CCUS_038,TP53,C141W,Missense_Mutation
CCUS_040,TP53,V73fs,Frame_Shift_Del
CCUS_354,TP53,Y234H,Missense_Mutation
CCUS_357,TP53,R248W,Missense_Mutation
CCUS_359,TP53,K139N,Missense_Mutation
CCUS_041,TP53,L111Q,Missense_Mutation
CCUS_042,TP53,p.?,Splice_Site
CCUS_701,TP53,Y205F,Missense_Mutation
CCUS_702,TP53,V173M,Missense_Mutation
CCUS_702,TP53,R267W,Missense_Mutation
CCUS_008,TP53,H179Y,Missense_Mutation
CCUS_008,TP53,Y153C,Missense_Mutation
CCUS_008,TP53,G244V,Missense_Mutation
CCUS_008,TP53,N247I,Missense_Mutation
CCUS_008,TP53,N267Y,Missense_Mutation
CCUS_008,TP53,G285K,Missense_Mutation
CCUS_043,TP53,C275R,Missense_Mutation
